product_id,name,category,price
1,secondo,elettronica,24.88
2,annunciare,moda,199.69
3,inglese,casa,590.49
4,particolare,libri,74.12
5,stabilire,sport,30.27
6,bravo,elettronica,178.82
7,sereno,libri,483.6
8,aumentare,libri,163.08
9,cittadino,libri,338.52
10,punta,sport,473.47
11,domani,elettronica,608.25
12,paese,casa,560.02
13,presente,moda,225.91
14,diretto,casa,765.98
15,fuggire,moda,86.26
16,fenomeno,sport,81.89
17,condizione,moda,484.96
18,chiave,elettronica,585.14
19,spesso,libri,104.24
20,persona,sport,67.65
21,aumentare,moda,664.38
22,morire,libri,708.93
23,pietà,moda,463.99
24,lato,elettronica,41.43
25,girare,casa,619.59
26,oro,elettronica,684.98
27,vento,elettronica,307.2
28,anima,sport,510.37
29,spirito,moda,134.31
30,braccio,moda,171.56
31,origine,moda,562.95
32,permettere,elettronica,489.26
33,stagione,casa,429.64
34,sorriso,casa,134.9
35,conseguenza,sport,219.61
36,costruzione,libri,179.59
37,sentimento,moda,675.07
38,elettrico,elettronica,187.09
39,ricevere,elettronica,645.01
40,divenire,sport,217.85
41,sentimento,casa,730.94
42,fumare,libri,701.71
43,tecnico,moda,174.04
44,ah,sport,319.53
45,diffondere,sport,118.58
46,posto,casa,201.07
47,fame,libri,433.49
48,dove,libri,345.6
49,ciò,libri,322.52
50,dividere,casa,797.87
51,scopo,casa,410.07
52,notevole,elettronica,605.85
53,materia,elettronica,126.51
54,estate,casa,634.7
55,difficile,sport,479.15
56,voi,sport,308.39
57,scrivere,sport,425.65
58,contrario,libri,689.32
59,politica,elettronica,545.83
60,leggere,elettronica,546.96
61,massa,libri,601.95
62,perfetto,moda,93.68
63,destro,sport,130.74
64,metà,elettronica,763.28
65,sguardo,moda,777.65
66,accompagnare,casa,408.61
67,musica,elettronica,697.06
68,qualità,moda,674.13
69,ridere,libri,489.13
70,rapido,casa,302.26
71,energia,casa,433.81
72,ordine,libri,735.2
73,grado,libri,262.7
74,automobile,elettronica,93.93
75,strumento,moda,703.58
76,sapere,moda,195.36
77,tornare,casa,703.02
78,stasera,elettronica,73.09
79,domanda,sport,653.74
80,ombra,libri,613.84
81,giornale,casa,529.5
82,ultimo,libri,136.28
83,iniziare,libri,698.58
84,verso,sport,771.67
85,comprendere,libri,605.44
86,piangere,casa,571.79
87,metro,sport,796.14
88,migliore,moda,353.29
89,costruire,libri,363.93
90,nome,casa,183.63
91,scrivere,moda,21.72
92,papà,libri,187.94
93,concedere,casa,10.72
94,assumere,elettronica,187.01
95,ufficiale,elettronica,688.41
96,costa,elettronica,413.75
97,riunire,moda,536.84
98,adesso,casa,433.69
99,partecipare,libri,463.09
100,ritornare,casa,628.77
101,cattivo,sport,156.38
102,notare,elettronica,528.89
103,mano,moda,341.75
104,roba,sport,691.75
105,roba,elettronica,540.32
106,grazie,elettronica,53.19
107,osservare,moda,641.47
108,finire,elettronica,202.68
109,tardi,casa,431.35
110,rivoluzione,casa,340.4
111,durante,moda,372.79
112,escludere,elettronica,357.29
113,capello,libri,82.84
114,rompere,libri,669.64
115,sottile,elettronica,741.46
116,prevedere,casa,137.22
117,piano,sport,387.68
118,imporre,sport,722.44
119,frase,casa,306.28
120,fine,sport,215.84
121,esporre,sport,231.77
122,eccetera,libri,531.19
123,lui,sport,128.06
124,animo,moda,178.07
125,difendere,elettronica,465.45
126,rapido,libri,53.46
127,speranza,moda,50.45
128,contrario,libri,384.05
129,trarre,libri,130.16
130,improvviso,libri,68.69
131,fondo,casa,59.47
132,polizia,elettronica,541.79
133,arrivare,casa,326.0
134,o,libri,200.74
135,sacro,libri,36.59
136,mente,elettronica,338.28
137,tedesco,libri,454.36
138,musica,moda,748.09
139,limitare,casa,537.43
140,ufficiale,moda,194.76
141,dolce,sport,109.05
142,seguire,moda,368.49
143,venire,elettronica,12.41
144,ricerca,libri,798.77
145,fuori,elettronica,63.24
146,domanda,casa,407.18
147,giustizia,casa,746.94
148,morale,elettronica,704.02
149,teatro,moda,231.56
150,zio,sport,667.83
151,ampio,moda,491.28
152,riguardare,libri,11.22
153,camera,libri,243.01
154,popolazione,elettronica,751.45
155,toccare,casa,215.25
156,innamorare,elettronica,595.22
157,aspettare,casa,221.52
158,pronto,libri,172.45
159,pane,moda,166.86
160,cosa,moda,406.8
161,attimo,moda,724.74
162,cercare,elettronica,78.38
163,pieno,sport,664.33
164,assai,elettronica,7.82
165,americano,casa,511.51
166,sole,moda,133.46
167,controllo,sport,443.59
168,militare,sport,450.92
169,mezzo,elettronica,64.82
170,giocare,casa,438.74
171,annunciare,moda,468.1
172,perché,casa,346.68
173,marito,elettronica,250.07
174,solo,elettronica,719.65
175,inutile,casa,547.24
176,concedere,elettronica,286.17
177,preferire,libri,707.89
178,gioco,sport,779.2
179,sapere,casa,740.98
180,pubblico,casa,692.36
181,contatto,casa,705.73
182,articolo,elettronica,147.59
183,levare,moda,627.0
184,punta,sport,642.78
185,nemmeno,casa,217.11
186,svolgere,elettronica,309.12
187,desiderare,elettronica,687.58
188,che,casa,163.66
189,qualcosa,sport,282.98
190,bisogno,casa,182.22
191,durante,casa,321.78
192,principe,moda,692.16
193,specie,moda,284.16
194,estero,libri,322.74
195,pericoloso,libri,268.26
196,villa,elettronica,96.7
197,eccellenza,moda,146.96
198,tanto,moda,35.41
199,meritare,libri,350.48
200,ecco,moda,351.93
201,fornire,libri,96.94
202,vario,libri,156.11
203,riconoscere,elettronica,568.48
204,enorme,elettronica,418.34
205,massa,libri,551.05
206,appena,casa,294.56
207,dove,elettronica,759.36
208,passare,moda,500.41
209,soprattutto,elettronica,577.2
210,nascere,moda,408.16
211,girare,sport,264.32
212,situazione,moda,445.76
213,ragazza,casa,339.25
214,decisione,sport,543.47
215,stanco,casa,494.33
216,compagno,moda,327.83
217,accompagnare,elettronica,246.58
218,cambiare,casa,346.76
219,mandare,libri,487.3
220,li,moda,374.67
221,ferire,sport,542.12
222,punta,libri,381.18
223,ordine,casa,528.79
224,dovere,moda,414.78
225,però,libri,271.47
226,internazionale,casa,539.87
227,abbastanza,casa,646.22
228,primo,casa,24.42
229,ancora,casa,787.23
230,chiesa,libri,680.54
231,dopo,elettronica,367.06
232,famiglia,libri,159.58
233,costa,sport,398.03
234,cortile,casa,122.32
235,animo,elettronica,714.66
236,sotto,elettronica,623.84
237,estero,casa,144.83
238,attendere,libri,374.32
239,entro,libri,203.11
240,lavoro,elettronica,367.89
241,mandare,sport,535.72
242,scegliere,libri,478.38
243,ne,sport,492.06
244,filo,libri,344.26
245,nave,libri,359.5
246,morale,casa,596.21
247,appunto,sport,362.81
248,relazione,casa,672.69
249,svolgere,moda,613.82
250,linea,libri,390.25
251,esempio,casa,223.3
252,conservare,elettronica,572.27
253,signore,casa,221.01
254,volto,moda,714.96
255,appena,elettronica,115.01
256,affatto,casa,309.51
257,antico,casa,566.6
258,ricordare,elettronica,334.82
259,necessario,moda,436.38
260,richiedere,sport,54.5
261,anno,sport,314.63
262,vino,libri,757.12
263,intenzione,elettronica,686.1
264,aiuto,libri,307.4
265,spegnere,elettronica,754.48
266,contadino,moda,604.01
267,soltanto,sport,432.89
268,costringere,libri,640.9
269,giù,casa,393.14
270,procedere,moda,351.49
271,allora,elettronica,314.14
272,comunicazione,sport,580.72
273,formare,sport,736.04
274,avvertire,libri,429.63
275,descrivere,sport,475.55
276,sole,elettronica,71.74
277,personale,sport,112.88
278,massa,sport,149.47
279,caratteristico,moda,306.39
280,provare,casa,366.49
281,tipo,moda,610.18
282,affatto,sport,226.21
283,salvare,sport,205.56
284,domanda,elettronica,378.89
285,presentare,libri,46.41
286,campagna,moda,183.26
287,musica,elettronica,626.08
288,ritornare,elettronica,604.62
289,fuggire,casa,163.49
290,milione,elettronica,498.96
291,intendere,casa,105.35
292,regno,elettronica,453.36
293,vero,casa,374.7
294,costruzione,moda,614.68
295,celebrare,casa,486.68
296,noto,elettronica,623.34
297,meglio,casa,771.95
298,dichiarare,elettronica,465.05
299,perfetto,moda,462.76
300,vita,sport,320.34
